video_on,num_clients,topology,vpn,vpn_topology,total_packets,total_bytes,avg_bytes,std_bytes,median_bytes,max_bytes,total_packets_in,total_bytes_in,avg_bytes_in,std_bytes_in,median_bytes_in,max_bytes_in,total_packets_out,total_bytes_out,avg_bytes_out,std_bytes_out,median_bytes_out,max_bytes_out,avg_inter_arr,std_inter_arr,median_inter_arr,max_inter_arr
False,3,hdumb,ipsec,sts,78058,19889600,254.80540111199363,355.6956741503671,144.0,1480,0,0,nan,nan,nan,nan,0,0,nan,nan,nan,nan,nan,nan,nan,nan
False,3,hdumb,ipsec,sts,78752,20023796,254.26396789922796,356.1376367182015,144.0,1480,0,0,nan,nan,nan,nan,0,0,nan,nan,nan,nan,nan,nan,nan,nan
False,3,hdumb,ipsec,sts,78322,20024832,255.67314419958632,354.03998406813196,148.0,1480,0,0,nan,nan,nan,nan,0,0,nan,nan,nan,nan,nan,nan,nan,nan
False,8,hdumb,ipsec,sts,369923,76635896,207.1671564082255,274.104510345399,140.0,1480,0,0,nan,nan,nan,nan,0,0,nan,nan,nan,nan,nan,nan,nan,nan
False,8,hdumb,ipsec,sts,354597,74016220,208.73335081797083,279.48559096888636,140.0,1480,0,0,nan,nan,nan,nan,0,0,nan,nan,nan,nan,nan,nan,nan,nan
False,8,hdumb,ipsec,sts,393865,80634616,204.72653320300103,265.9961605595565,140.0,1480,0,0,nan,nan,nan,nan,0,0,nan,nan,nan,nan,nan,nan,nan,nan
True,3,hdumb,ipsec,sts,215523,119033872,552.3024085596433,436.7496484358289,424.0,1480,0,0,nan,nan,nan,nan,0,0,nan,nan,nan,nan,nan,nan,nan,nan
True,3,hdumb,ipsec,sts,209456,117343088,560.2278664731494,437.3985896300428,444.0,1480,0,0,nan,nan,nan,nan,0,0,nan,nan,nan,nan,nan,nan,nan,nan
True,3,hdumb,ipsec,sts,213129,118834316,557.5699036733621,437.4447854651453,436.0,1480,0,0,nan,nan,nan,nan,0,0,nan,nan,nan,nan,nan,nan,nan,nan
True,5,hdumb,ipsec,sts,453809,246537384,543.2624386030246,426.01607145966085,428.0,1480,0,0,nan,nan,nan,nan,0,0,nan,nan,nan,nan,nan,nan,nan,nan
True,5,hdumb,ipsec,sts,466132,247352992,530.6500991135558,426.8287077890224,396.0,1480,0,0,nan,nan,nan,nan,0,0,nan,nan,nan,nan,nan,nan,nan,nan
True,5,hdumb,ipsec,sts,439779,243290240,553.2102260453546,428.27546127748326,460.0,1480,0,0,nan,nan,nan,nan,0,0,nan,nan,nan,nan,nan,nan,nan,nan
True,8,hdumb,ipsec,sts,878995,493320440,561.2323619588279,418.1922842854646,532.0,1480,0,0,nan,nan,nan,nan,0,0,nan,nan,nan,nan,nan,nan,nan,nan
True,8,hdumb,ipsec,sts,922289,500443596,542.6103921872646,417.08343723258355,468.0,1480,0,0,nan,nan,nan,nan,0,0,nan,nan,nan,nan,nan,nan,nan,nan
True,8,hdumb,ipsec,sts,992056,509350016,513.4286935414937,415.7073762066258,360.0,1480,0,0,nan,nan,nan,nan,0,0,nan,nan,nan,nan,nan,nan,nan,nan
False,5,hdumb,ipsec,sts,163498,37876008,231.66037505045932,322.3646284897377,140.0,1480,0,0,nan,nan,nan,nan,0,0,nan,nan,nan,nan,nan,nan,nan,nan
False,5,hdumb,ipsec,sts,175521,39700660,226.18752172104763,311.96665414655536,140.0,1480,0,0,nan,nan,nan,nan,0,0,nan,nan,nan,nan,nan,nan,nan,nan
False,5,hdumb,ipsec,sts,161940,37686496,232.7188835371125,323.5583299638793,140.0,1480,0,0,nan,nan,nan,nan,0,0,nan,nan,nan,nan,nan,nan,nan,nan
False,3,hdumb,ipsec,ptp,9750,1094505,112.25692307692307,99.45309335043937,88.0,1480,1147,70187,61.19180470793374,56.791171632230636,56.0,546,1441,100922,70.03608605135322,32.49081198676415,52.0,358,0.1711124190069202,0.21384245497437734,0.09040403366088867,1.0951290130615234
False,3,hdumb,ipsec,ptp,9217,1030891,111.84669632201367,94.32721977455638,88.0,1480,1070,55999,52.33551401869159,38.517433158579266,28.0,545,997,73476,73.69709127382147,35.26609293369377,52.0,358,0.18365550331137134,0.23186384956834247,0.07271909713745117,1.2806580066680908
False,3,hdumb,ipsec,ptp,9610,1005746,104.65619146722165,90.91196702538205,88.0,1480,1300,74369,57.206923076923076,39.513450976562645,56.0,545,1306,88581,67.82618683001532,32.25239952949669,52.0,358,0.15112847433905127,0.19247038345752404,0.0780951976776123,1.0797581672668457
False,8,hdumb,ipsec,ptp,268706,22969199,85.4807819698853,31.92033817607243,77.0,1480,75506,5921850,78.42886658013933,22.65038141091131,74.0,546,172994,14794765,85.52183890770779,22.659680295637177,77.0,358,0.0025776995024880973,0.0027087659327548717,0.0017778873443603516,0.022737979888916016
False,8,hdumb,ipsec,ptp,270046,23552567,87.21687045910697,31.800847051219755,77.0,1480,73906,5815503,78.68783319351608,18.966017060003,72.0,547,173337,15250984,87.98458494147239,24.07105655485208,78.0,358,0.0026103701113073794,0.0022184517195062686,0.0020990371704101562,0.020451068878173828
False,8,hdumb,ipsec,ptp,251377,22056995,87.74468228994697,33.89654999191437,78.0,1480,74417,5680878,76.33844417270248,22.344986078109955,72.0,547,155233,14028509,90.37066216590544,26.440818682185977,78.0,358,0.002608208855206775,0.0022724316252497653,0.002054572105407715,0.03972792625427246
True,3,hdumb,ipsec,ptp,11135,1312815,117.8998652896273,125.19054969761343,88.0,1480,2611,247371,94.74186135580237,178.40015937160402,56.0,1160,1417,161876,114.23853211009174,87.23753766300831,100.0,1160,0.07512239770414272,0.08761108963912914,0.04410445690155029,0.5886979103088379
True,3,hdumb,ipsec,ptp,11022,1360177,123.40564325893668,127.26962597621086,88.0,1480,2447,230748,94.29832447895382,179.25870822330538,56.0,1202,1525,167777,110.01770491803279,72.25557277169985,100.0,1086,0.08017936789979724,0.09041792824683792,0.05149805545806885,0.5668530464172363
True,3,hdumb,ipsec,ptp,9847,1124669,114.21438001421753,98.1614246526739,88.0,1480,2376,135081,56.85227272727273,35.45068122114245,56.0,547,433,49336,113.93995381062355,50.544682258646084,104.0,358,0.08154532251859967,0.09494248107273685,0.048249006271362305,0.622459888458252
True,5,hdumb,ipsec,ptp,285673,144437435,505.60408228989087,438.731217214252,481.0,1480,149772,91217319,609.0412026279946,469.74623162800043,834.0,1214,123170,51728400,419.97564341966387,376.13908545410493,132.0,1214,0.001306515119941937,0.001349333708300514,0.000904083251953125,0.024258136749267578
True,5,hdumb,ipsec,ptp,297354,145379779,488.9114624319834,437.5140370237456,141.0,1480,149310,91116220,610.2486102739267,469.44894316607923,837.0,1214,134577,52714347,391.70398359303596,371.46934054517016,125.0,1214,0.0013072746932749676,0.0013330045579379528,0.0009241104125976562,0.015496015548706055
True,5,hdumb,ipsec,ptp,298333,145437783,487.50149329775786,437.9125188692409,137.0,1480,149699,91237770,609.4748127910007,469.4507617854393,835.0,1214,135841,52768693,388.45925015275213,371.7175475203778,124.0,1214,0.0013079084750112038,0.0013548335630630714,0.0009119510650634766,0.03495502471923828
True,8,hdumb,ipsec,ptp,708050,338786459,478.47815690982276,420.83963682365106,410.0,1480,264503,157793508,596.566042729194,470.4919245725868,797.0,1214,421361,178664159,424.0168382930551,373.23296561812924,133.0,1214,0.0007336790840691258,0.0008008798274450842,0.0004839897155761719,0.03576779365539551
True,8,hdumb,ipsec,ptp,700865,337355473,481.34158932176666,422.47909465605443,448.0,1480,265253,158059134,595.8806648746669,470.8937160450094,791.0,1214,414017,177041635,427.61924027274245,375.66850242107836,139.0,1214,0.0007340785745649462,0.0007888189605883721,0.0004889965057373047,0.042024850845336914
True,8,hdumb,ipsec,ptp,680375,335705385,493.4122873415396,422.24498890317585,508.0,1480,264720,157785194,596.0456104563312,470.5649788125968,794.0,1214,394218,175594099,445.4238492407754,375.8300838522513,462.0,1214,0.0007348883421707034,0.0008188706399992336,0.00048089027404785156,0.04033398628234863
False,5,hdumb,ipsec,ptp,118619,10911476,91.9875905209115,38.6466222765704,81.0,1480,42149,3498478,83.00263351443688,24.153806053401382,75.0,548,63534,5937242,93.44983788207888,28.05659660726156,84.0,358,0.004634055849654382,0.003396998293152594,0.003986954689025879,0.030557870864868164
False,5,hdumb,ipsec,ptp,101648,9162315,90.13768101684244,43.106753942094215,78.0,1480,42274,3373568,79.80243175474287,26.57309353957398,75.0,547,46695,4314003,92.38682942499197,29.684864039456173,85.0,358,0.004629946210714702,0.00381771891531512,0.003726959228515625,0.040415048599243164
False,5,hdumb,ipsec,ptp,101970,9122523,89.4628125919388,39.77806798175221,78.0,1480,42197,3406392,80.72592838353438,21.045311633739225,75.0,547,46600,4256151,91.33371244635192,29.435371075644397,82.0,358,0.004623263342616253,0.003303114364861593,0.004179954528808594,0.024808883666992188
False,8,hdumb,wireguard,sts,336389,72358388,215.10331193945106,282.77142243270356,144.0,1452,0,0,nan,nan,nan,nan,0,0,nan,nan,nan,nan,nan,nan,nan,nan
False,8,hdumb,wireguard,sts,350583,74342936,212.05516525330663,277.1511561216081,144.0,1452,0,0,nan,nan,nan,nan,0,0,nan,nan,nan,nan,nan,nan,nan,nan
False,8,hdumb,wireguard,sts,374171,78840228,210.70640963623583,268.3880365435605,144.0,1452,0,0,nan,nan,nan,nan,0,0,nan,nan,nan,nan,nan,nan,nan,nan
True,8,hdumb,wireguard,sts,875883,494128864,564.1493943825831,418.0886237829013,544.0,1452,0,0,nan,nan,nan,nan,0,0,nan,nan,nan,nan,nan,nan,nan,nan
True,8,hdumb,wireguard,sts,930348,503792480,541.5097146444126,416.4070125110292,448.0,1452,0,0,nan,nan,nan,nan,0,0,nan,nan,nan,nan,nan,nan,nan,nan
True,8,hdumb,wireguard,sts,951676,506381440,532.0943682513797,416.27721211188236,432.0,1452,0,0,nan,nan,nan,nan,0,0,nan,nan,nan,nan,nan,nan,nan,nan
False,8,hdumb,wireguard,ptp,388689,59445707,152.93900007460977,277.3130251870755,79.0,1452,73974,5694425,76.978735772028,19.576256563354704,73.0,547,229229,20125338,87.79577627612562,23.229154258090354,78.0,358,0.002613533463846225,0.002135961182157396,0.002131938934326172,0.03974008560180664
False,8,hdumb,wireguard,ptp,377144,60301853,159.89079237638674,293.488320409333,79.0,1452,73922,5701318,77.1261329509483,17.69584247278128,72.0,546,219362,19149931,87.2983059964807,22.7722428932032,78.0,358,0.0026084204208147582,0.002561821206747637,0.0018301010131835938,0.03849387168884277
False,8,hdumb,wireguard,ptp,404916,62641764,154.70310879293484,283.1802321153015,79.0,1452,73870,5857028,79.28831731420063,19.091555115290344,75.0,547,243377,20908784,85.91109266693238,21.079229208233475,78.0,358,0.002610707357577265,0.002370941619091796,0.0019638538360595703,0.019747018814086914
True,8,hdumb,wireguard,ptp,901632,451071756,500.28365896507665,420.5499445424853,451.0,1452,264200,157250923,595.1965291445874,470.73197899172976,790.0,1214,482085,205498953,426.271203211052,349.8837690061583,385.0,1214,0.0007297032918986328,0.0008013533954304756,0.00047707557678222656,0.045479774475097656
True,8,hdumb,wireguard,ptp,940638,454551621,483.23756960701144,419.6155087435784,393.0,1452,265867,157542786,592.5623939789443,470.9214086136697,776.0,1214,517762,208300023,402.3084409439086,347.81279208968505,326.0,1214,0.0007303512259705426,0.0008126795597198129,0.0004742145538330078,0.07290387153625488
True,8,hdumb,wireguard,ptp,951588,459044654,482.398531717508,417.9180435409312,373.0,1452,264649,156948362,593.0434726751282,471.5384422502053,785.0,1214,529152,211905580,400.4625891993227,343.5462648145011,302.0,1214,0.0007280163726611761,0.0007952368448659852,0.0004699230194091797,0.02548384666442871
True,8,hdumb,wireguard,ptp,972823,456650792,469.4078902328584,418.7794645305054,339.0,1452,265333,157327652,592.9441569650213,471.43406080512045,777.0,1214,547501,210738576,384.9099380640401,346.24635932843194,139.0,1214,0.0007308067511382169,0.0008000931271352457,0.00047397613525390625,0.027016878128051758
False,3,tiered,ipsec,sts,74207,19304884,260.1490964464269,365.23506506878596,144.0,1480,0,0,nan,nan,nan,nan,0,0,nan,nan,nan,nan,nan,nan,nan,nan
False,3,tiered,ipsec,sts,78224,19839036,253.61827572100634,355.9031454569188,144.0,1480,0,0,nan,nan,nan,nan,0,0,nan,nan,nan,nan,nan,nan,nan,nan
False,3,tiered,ipsec,sts,76307,19600448,256.8630400880653,360.75346172659323,144.0,1480,0,0,nan,nan,nan,nan,0,0,nan,nan,nan,nan,nan,nan,nan,nan
False,8,tiered,ipsec,sts,364716,75537548,207.11333750095966,275.4035406179212,140.0,1480,0,0,nan,nan,nan,nan,0,0,nan,nan,nan,nan,nan,nan,nan,nan
False,8,tiered,ipsec,sts,337979,71253576,210.8224948887357,285.0709286258562,140.0,1480,0,0,nan,nan,nan,nan,0,0,nan,nan,nan,nan,nan,nan,nan,nan
False,8,tiered,ipsec,sts,329879,70892868,214.90567147347966,287.22215233151906,140.0,1480,0,0,nan,nan,nan,nan,0,0,nan,nan,nan,nan,nan,nan,nan,nan
True,3,tiered,ipsec,sts,208620,115648964,554.3522385197967,437.9050483742998,428.0,1480,0,0,nan,nan,nan,nan,0,0,nan,nan,nan,nan,nan,nan,nan,nan
True,3,tiered,ipsec,sts,214919,117353524,546.0360600970598,437.3742472378073,412.0,1480,0,0,nan,nan,nan,nan,0,0,nan,nan,nan,nan,nan,nan,nan,nan
True,3,tiered,ipsec,sts,212986,117003744,549.3494595888932,437.37395119040684,420.0,1480,0,0,nan,nan,nan,nan,0,0,nan,nan,nan,nan,nan,nan,nan,nan
True,5,tiered,ipsec,sts,430269,236373392,549.3618922116165,428.06850653972793,444.0,1480,0,0,nan,nan,nan,nan,0,0,nan,nan,nan,nan,nan,nan,nan,nan
True,5,tiered,ipsec,sts,423015,234957732,555.4359348959257,428.85813862185296,464.0,1480,0,0,nan,nan,nan,nan,0,0,nan,nan,nan,nan,nan,nan,nan,nan
True,5,tiered,ipsec,sts,429778,235908512,548.9078361386577,429.168285276273,444.0,1480,0,0,nan,nan,nan,nan,0,0,nan,nan,nan,nan,nan,nan,nan,nan
True,8,tiered,ipsec,sts,854223,416220336,487.2502098398193,427.6174368342831,184.0,1480,0,0,nan,nan,nan,nan,0,0,nan,nan,nan,nan,nan,nan,nan,nan
True,8,tiered,ipsec,sts,884546,418218876,472.8062486292403,424.13142178166044,180.0,1480,0,0,nan,nan,nan,nan,0,0,nan,nan,nan,nan,nan,nan,nan,nan
True,8,tiered,ipsec,sts,910411,432801056,475.39084655172223,422.92042869279965,180.0,1480,0,0,nan,nan,nan,nan,0,0,nan,nan,nan,nan,nan,nan,nan,nan
False,5,tiered,ipsec,sts,154895,36530944,235.8432744762581,329.81875224686814,140.0,1480,0,0,nan,nan,nan,nan,0,0,nan,nan,nan,nan,nan,nan,nan,nan
False,5,tiered,ipsec,sts,161456,37443500,231.91148052720246,324.6261654442998,140.0,1480,0,0,nan,nan,nan,nan,0,0,nan,nan,nan,nan,nan,nan,nan,nan
False,5,tiered,ipsec,sts,140053,34546776,246.66930376357521,346.67880118615597,140.0,1480,0,0,nan,nan,nan,nan,0,0,nan,nan,nan,nan,nan,nan,nan,nan
False,3,tiered,ipsec,ptp,9869,1069405,108.3600162123822,96.07441942544592,88.0,1480,1157,62059,53.63785652549697,38.1412787798028,28.0,547,1355,93500,69.00369003690037,32.4194374918717,52.0,357,0.16849073447983157,0.21631076715634376,0.06177663803100586,1.0858519077301025
False,3,tiered,ipsec,ptp,9906,1051884,106.18655360387643,90.59592223487259,88.0,1480,1056,61944,58.65909090909091,41.371181589268176,56.0,547,1458,100106,68.65980795610425,32.14149466506195,52.0,357,0.18504220185121653,0.22824788857904182,0.0783090591430664,1.2742149829864502
False,3,tiered,ipsec,ptp,9818,1069504,108.93298024037482,92.8210699896442,88.0,1480,1127,63777,56.590062111801245,38.37853215842902,56.0,546,1361,93265,68.5268185157972,31.619117345507146,52.0,357,0.17280747348419515,0.2108333444187697,0.10408198833465576,1.1738841533660889
False,8,tiered,ipsec,ptp,291717,25088370,86.0024270097389,30.263820433336907,77.0,1480,71269,5638119,79.11039863054063,20.40250299926998,75.0,548,197343,16959241,85.93788986688152,22.039306338629693,78.0,357,0.0026065485508358827,0.002284450335193775,0.002012014389038086,0.024339914321899414
False,8,tiered,ipsec,ptp,264472,23179660,87.64504370973108,32.32135099049097,78.0,1480,70633,5584591,79.06489884331687,19.073644653600365,73.0,546,170311,15040983,88.31480644233197,24.056821967608787,78.0,357,0.002615087720785855,0.0024452799893637765,0.001969456672668457,0.022003889083862305
False,8,tiered,ipsec,ptp,240191,21126618,87.95757542955398,37.51141812061127,78.0,1480,71185,5600130,78.67008498981527,24.775511242387527,72.0,547,145880,12819722,87.87854400877434,24.406009827744825,78.0,357,0.0026042565760330608,0.002220183625292391,0.0021240711212158203,0.03438401222229004
True,3,tiered,ipsec,ptp,10389,1177523,113.34324766580036,99.00185137047123,88.0,1480,2279,140092,61.47082053532251,62.81553819829974,56.0,545,441,54085,122.64172335600907,66.86661404158977,104.0,357,0.08495113219578503,0.09383520193553788,0.053931474685668945,0.7816500663757324
True,3,tiered,ipsec,ptp,11382,1292615,113.56659638024952,119.59351864599601,88.0,1480,2491,233271,93.64552388598956,180.43362316517002,56.0,1161,1490,159350,106.94630872483222,65.39141695063103,100.0,1161,0.07824807463879566,0.09204805008967655,0.04600811004638672,0.6040070056915283
True,3,tiered,ipsec,ptp,11265,1289411,114.46169551708833,111.07069537727895,88.0,1480,2360,195363,82.78093220338982,154.0491789341569,56.0,1204,1351,142578,105.53515914137675,55.907344511490685,100.0,1197,0.08301772440626946,0.08841087435163111,0.056034088134765625,0.6015369892120361
True,5,tiered,ipsec,ptp,279726,140932724,503.8241850954148,439.4307900068999,479.0,1480,146476,88915037,607.0280250689533,470.99895354559453,834.0,1214,119267,50417841,422.7308559786026,376.9929441376102,133.0,1214,0.0013085026862292104,0.0013500944162883164,0.0009131431579589844,0.03448891639709473
True,5,tiered,ipsec,ptp,269905,140474232,520.4580574646635,440.4681125997001,561.0,1480,147125,89375994,607.4833916737468,470.3126999593972,835.0,1214,109041,49536092,454.28868040461845,381.1687865332143,496.0,1214,0.001306740531284584,0.0013678962959590719,0.0009050369262695312,0.06643795967102051
True,5,tiered,ipsec,ptp,278575,141417487,507.6460091537288,439.68995357492867,504.0,1480,146877,89441139,608.9526542617292,469.82377208141173,837.0,1214,117891,50393778,427.4607730870041,378.9376846484989,135.0,1214,0.001306084648106248,0.0013900391211029497,0.0008999109268188477,0.024151086807250977
True,8,tiered,ipsec,ptp,678502,324204052,477.82328128730643,420.58979007814474,397.0,1480,252824,150854210,596.6767791032497,470.8332358437625,796.0,1214,402014,170735060,424.6992890794848,372.94335337194804,134.0,1214,0.0007334170867681163,0.0007859426803043577,0.0005028247833251953,0.020639896392822266
True,8,tiered,ipsec,ptp,711908,320304358,449.92380757064115,416.00339441580786,126.0,1480,248088,144778522,583.5772870916771,467.223481975262,737.0,1214,441278,172917934,391.8571376773825,370.04163579762354,122.0,1214,0.0007515062094133568,0.0008294616392906004,0.0005059242248535156,0.022909164428710938
True,8,tiered,ipsec,ptp,658460,321599549,488.41167117212893,422.07543522929103,488.0,1480,252469,150677473,596.8157397541877,470.371919558164,797.0,1214,382582,168349742,440.03570999158353,375.9800943854453,435.0,1214,0.0007351688297101956,0.0008154028519706012,0.0004990100860595703,0.05680990219116211
False,5,tiered,ipsec,ptp,95672,8378868,87.57910360398027,41.56441184238029,78.0,1480,41349,3141965,75.986480930615,24.42241935512917,72.0,547,40467,3724489,92.0376850273062,31.012425916398733,87.0,357,0.0046233742105853595,0.0037936413171614954,0.0037679672241210938,0.021134138107299805
False,5,tiered,ipsec,ptp,96339,8442661,87.63492458921101,40.51630278937184,77.0,1480,41368,3260995,78.82892573970219,18.959498258466,72.0,548,41054,3617444,88.11428849807571,29.111573895010473,79.0,357,0.0046258046028966595,0.00328987678293269,0.004179954528808594,0.019294023513793945
False,5,tiered,ipsec,ptp,99292,8903860,89.67348829714378,42.30724973180373,79.0,1480,41251,3217918,78.00824222443093,24.694045017712607,72.0,547,44139,4122248,93.3924194023426,30.644570749550656,92.0,357,0.004632663177721428,0.0043176278925463035,0.0032520294189453125,0.022873878479003906
False,3,tiered,wireguard,ptp,9133,6620560,724.9052885141793,662.7071323132511,176.0,1452,0,0,nan,nan,nan,nan,0,0,nan,nan,nan,nan,nan,nan,nan,nan
False,3,tiered,wireguard,ptp,9085,6614248,728.0405063291139,663.1366069834633,176.0,1452,0,0,nan,nan,nan,nan,0,0,nan,nan,nan,nan,nan,nan,nan,nan
False,3,tiered,wireguard,ptp,9238,6678112,722.8958649058238,662.2378640740855,176.0,1452,0,0,nan,nan,nan,nan,0,0,nan,nan,nan,nan,nan,nan,nan,nan
False,8,tiered,wireguard,ptp,242631,54905296,226.2913477667734,309.2646578273624,144.0,1452,0,0,nan,nan,nan,nan,0,0,nan,nan,nan,nan,nan,nan,nan,nan
False,8,tiered,wireguard,ptp,291629,62684876,214.94733376996115,282.2681378006901,144.0,1452,0,0,nan,nan,nan,nan,0,0,nan,nan,nan,nan,nan,nan,nan,nan
False,8,tiered,wireguard,ptp,273850,59400268,216.9080445499361,291.43488238801484,144.0,1452,0,0,nan,nan,nan,nan,0,0,nan,nan,nan,nan,nan,nan,nan,nan
True,3,tiered,wireguard,ptp,10641,6965788,654.617799079034,644.5091556735814,160.0,1452,0,0,nan,nan,nan,nan,0,0,nan,nan,nan,nan,nan,nan,nan,nan
True,3,tiered,wireguard,ptp,9654,6765688,700.8170706442925,658.3503503238595,176.0,1452,0,0,nan,nan,nan,nan,0,0,nan,nan,nan,nan,nan,nan,nan,nan
True,3,tiered,wireguard,ptp,10637,7008624,658.8910407069662,644.9681456224301,160.0,1452,0,0,nan,nan,nan,nan,0,0,nan,nan,nan,nan,nan,nan,nan,nan
True,5,tiered,wireguard,ptp,292856,172053784,587.503018548365,458.9701700724991,576.0,1452,0,0,nan,nan,nan,nan,0,0,nan,nan,nan,nan,nan,nan,nan,nan
True,5,tiered,wireguard,ptp,283296,169964944,599.9553258782333,459.1561229697469,624.0,1452,0,0,nan,nan,nan,nan,0,0,nan,nan,nan,nan,nan,nan,nan,nan
True,5,tiered,wireguard,ptp,287627,170951428,594.3511144642193,458.4626628059161,608.0,1452,0,0,nan,nan,nan,nan,0,0,nan,nan,nan,nan,nan,nan,nan,nan
True,8,tiered,wireguard,ptp,722433,392039980,542.6662126453249,437.2408804381982,192.0,1452,0,0,nan,nan,nan,nan,0,0,nan,nan,nan,nan,nan,nan,nan,nan
True,8,tiered,wireguard,ptp,624029,377429968,604.8276089733009,440.5549758769835,672.0,1452,0,0,nan,nan,nan,nan,0,0,nan,nan,nan,nan,nan,nan,nan,nan
True,8,tiered,wireguard,ptp,695544,388128664,558.0217268785296,438.80365373733093,512.0,1452,0,0,nan,nan,nan,nan,0,0,nan,nan,nan,nan,nan,nan,nan,nan
False,5,tiered,wireguard,ptp,96346,25091632,260.43252444315283,366.735351214066,144.0,1452,0,0,nan,nan,nan,nan,0,0,nan,nan,nan,nan,nan,nan,nan,nan
False,5,tiered,wireguard,ptp,106994,26855272,250.9979251172963,347.8920840819246,144.0,1452,0,0,nan,nan,nan,nan,0,0,nan,nan,nan,nan,nan,nan,nan,nan
False,5,tiered,wireguard,ptp,92820,24602548,265.0565395388925,373.6273183093034,144.0,1452,0,0,nan,nan,nan,nan,0,0,nan,nan,nan,nan,nan,nan,nan,nan
True,5,hdumb,ipsec,sts,464453,249266976,536.6893442393525,426.8939547598181,412.0,1480,0,0,nan,nan,nan,nan,0,0,nan,nan,nan,nan,nan,nan,nan,nan
True,5,hdumb,ipsec,sts,453205,247926392,547.0513167330457,426.07761313655686,436.0,1480,0,0,nan,nan,nan,nan,0,0,nan,nan,nan,nan,nan,nan,nan,nan
True,5,hdumb,ipsec,sts,448022,246509684,550.2178107325087,428.10532806615726,452.0,1480,0,0,nan,nan,nan,nan,0,0,nan,nan,nan,nan,nan,nan,nan,nan
False,5,hdumb,ipsec,sts,174390,39620664,227.19573370032685,312.2317627885041,140.0,1480,0,0,nan,nan,nan,nan,0,0,nan,nan,nan,nan,nan,nan,nan,nan
False,5,hdumb,ipsec,sts,180338,40251580,223.2007674477925,307.6708057737226,140.0,1480,0,0,nan,nan,nan,nan,0,0,nan,nan,nan,nan,nan,nan,nan,nan
False,5,hdumb,ipsec,sts,159464,37353960,234.2469773742036,326.0480258074479,140.0,1480,0,0,nan,nan,nan,nan,0,0,nan,nan,nan,nan,nan,nan,nan,nan
False,3,hdumb,ipsec,sts,74081,19340008,261.0656983572036,365.8729307023255,144.0,1480,0,0,nan,nan,nan,nan,0,0,nan,nan,nan,nan,nan,nan,nan,nan
False,3,hdumb,ipsec,sts,80986,20372068,251.55049020818413,350.7143922743864,144.0,1480,0,0,nan,nan,nan,nan,0,0,nan,nan,nan,nan,nan,nan,nan,nan
False,3,hdumb,ipsec,sts,77503,19779472,255.20911448589086,356.00158781125566,144.0,1480,0,0,nan,nan,nan,nan,0,0,nan,nan,nan,nan,nan,nan,nan,nan
True,3,hdumb,ipsec,sts,220302,120765468,548.1814418389301,436.3835687009461,420.0,1480,0,0,nan,nan,nan,nan,0,0,nan,nan,nan,nan,nan,nan,nan,nan
True,3,hdumb,ipsec,sts,217373,120453636,554.1333836309017,436.83734120575167,432.0,1480,0,0,nan,nan,nan,nan,0,0,nan,nan,nan,nan,nan,nan,nan,nan
True,3,hdumb,ipsec,sts,219929,120744405,549.0153867839166,436.165055000063,420.0,1480,25,14981,599.24,492.3749655157811,638.0,1214,11,2240,203.63636363636363,245.15434841229012,48.0,636,0.0009906689325968425,0.0011513619659265938,0.0006275177001953125,0.004647016525268555
True,5,hdumb,ipsec,ptp,476577,234913130,492.91747188806846,438.6845226477609,360.0,1480,152265,92110244,604.9337930581552,469.79523211334117,824.0,1214,188869,70889298,375.33580418173443,328.177630737844,306.0,1214,0.001301439374768276,0.001356633114161837,0.0009150505065917969,0.0809478759765625
True,5,hdumb,ipsec,ptp,478638,235624286,492.2807758681927,440.15335780097655,357.0,1480,151900,91905248,605.037840684661,469.6958392828134,827.0,1214,191140,70886934,370.8639426598305,328.5094823511583,294.0,1214,0.0013024407861931208,0.001314155440585285,0.0009241104125976562,0.04184913635253906
True,5,hdumb,ipsec,ptp,467857,234555892,501.340990943814,441.14678074688044,382.0,1480,151906,91934991,605.2097415506959,469.29376695758475,827.0,1214,182314,70189421,384.9919424728765,329.59437658030527,327.0,1214,0.001303410111812123,0.0013298797468969828,0.0009179115295410156,0.025986909866333008
False,5,hdumb,ipsec,ptp,192589,40915654,212.4506280213304,381.17997972955584,88.0,1480,42805,3567934,83.35320640112137,21.907985695205333,75.0,547,73780,6649472,90.1256709135267,25.95962905154403,80.0,357,0.004627271680428195,0.0033713385503302052,0.004132986068725586,0.033805131912231445
False,5,hdumb,ipsec,ptp,188679,40253244,213.3424705452117,382.33395773441663,88.0,1480,42876,3478986,81.14063811922755,20.139980082353002,75.0,546,70803,6442618,90.99357371862774,27.03314937563544,79.0,357,0.004637191299794367,0.003926167078373189,0.0035698413848876953,0.08025813102722168
False,5,hdumb,ipsec,ptp,199706,41783705,209.22608734840216,377.21542738290515,88.0,1480,42944,3603830,83.91929023845007,22.794420287752892,76.0,547,79193,7087083,89.49128079501976,25.62421396481539,78.0,357,0.004625565798673538,0.003772756111834724,0.003885030746459961,0.0416109561920166
False,3,hdumb,ipsec,ptp,104139,31141837,299.0410605056703,478.68777894369816,113.0,1480,21077,1934870,91.80006642311524,28.213412661527354,78.0,547,18920,1753335,92.67098308668076,31.242153299737552,95.0,357,0.00937129223136301,0.00616994541492817,0.008924484252929688,0.14844107627868652
False,3,hdumb,ipsec,ptp,111018,32002156,288.2609666900863,467.0790819715053,114.0,1480,21256,1869583,87.95554196462176,27.95116299766388,77.0,546,26146,2469841,94.46343608965043,29.725795725798612,92.0,357,0.009353673903977441,0.005729741104768725,0.009415149688720703,0.03116297721862793
False,3,hdumb,ipsec,ptp,108992,32632590,299.40353420434525,478.72386856740667,116.0,1480,21222,1776844,83.72651022523796,32.74362506060645,75.0,546,25414,2550614,100.36255607145668,31.20790095188388,115.0,357,0.009356009005758732,0.006107994651294652,0.009155035018920898,0.03987407684326172
True,3,hdumb,ipsec,ptp,249076,126941299,509.64885817983264,466.7348241782626,332.0,1480,75012,46429179,618.9566869300912,467.9137595202205,868.0,1214,61768,18886944,305.77230928636186,280.8071443509164,131.0,1214,0.0026467669811290227,0.0026745485856613047,0.001956939697265625,0.03934121131896973
True,3,hdumb,ipsec,ptp,245878,125940524,512.2073711352784,465.7869803359545,342.0,1480,74986,46240094,616.6496946096605,469.20568430473736,866.0,1214,60646,18897670,311.60620650990995,279.6651735683478,135.0,1214,0.002643241072810713,0.0026116049999672327,0.001981019973754883,0.026051044464111328
True,3,hdumb,ipsec,ptp,248069,125369883,505.38311115052664,464.2748554946885,327.0,1480,75016,46259950,616.6677775407913,468.49658649170624,864.0,1214,62159,18933813,304.6029215399218,279.71844670909456,131.0,1214,0.00264568972776693,0.0025361390597476983,0.0019969940185546875,0.023684978485107422
True,5,hdumb,wireguard,sts,465698,250575120,538.0635519156191,426.7579323956463,416.0,1452,0,0,nan,nan,nan,nan,0,0,nan,nan,nan,nan,nan,nan,nan,nan
True,5,hdumb,wireguard,sts,453975,248924992,548.3231279255466,427.5601830532855,448.0,1452,0,0,nan,nan,nan,nan,0,0,nan,nan,nan,nan,nan,nan,nan,nan
True,5,hdumb,wireguard,sts,450424,248546624,551.805907322878,427.3153808962867,448.0,1452,0,0,nan,nan,nan,nan,0,0,nan,nan,nan,nan,nan,nan,nan,nan
False,5,hdumb,wireguard,sts,162852,38419012,235.91366394026477,318.1156067540861,144.0,1452,0,0,nan,nan,nan,nan,0,0,nan,nan,nan,nan,nan,nan,nan,nan
False,5,hdumb,wireguard,sts,178796,40729768,227.8002192442784,304.6485492405729,144.0,1452,0,0,nan,nan,nan,nan,0,0,nan,nan,nan,nan,nan,nan,nan,nan
False,5,hdumb,wireguard,sts,164940,38991132,236.39585303746816,314.9322425569819,144.0,1452,0,0,nan,nan,nan,nan,0,0,nan,nan,nan,nan,nan,nan,nan,nan
False,3,hdumb,wireguard,sts,11399,9556496,838.3626633915255,662.3796943708244,1452.0,1452,0,0,nan,nan,nan,nan,0,0,nan,nan,nan,nan,nan,nan,nan,nan
False,3,hdumb,wireguard,sts,76458,20022340,261.8737084412357,353.3603722042772,160.0,1452,0,0,nan,nan,nan,nan,0,0,nan,nan,nan,nan,nan,nan,nan,nan
False,3,hdumb,wireguard,sts,78118,20145912,257.89078061394304,350.39538253638943,144.0,1452,0,0,nan,nan,nan,nan,0,0,nan,nan,nan,nan,nan,nan,nan,nan
True,3,hdumb,wireguard,sts,218720,121288424,554.5374177029993,435.663916707869,432.0,1452,0,0,nan,nan,nan,nan,0,0,nan,nan,nan,nan,nan,nan,nan,nan
True,3,hdumb,wireguard,sts,223992,121965728,544.5093039037108,434.97050518168373,416.0,1452,0,0,nan,nan,nan,nan,0,0,nan,nan,nan,nan,nan,nan,nan,nan
True,3,hdumb,wireguard,sts,222225,121823480,548.1988075149061,434.95130588833734,416.0,1452,0,0,nan,nan,nan,nan,0,0,nan,nan,nan,nan,nan,nan,nan,nan
True,5,hdumb,wireguard,ptp,478552,235466174,492.03884635316535,437.43506469139635,352.0,1452,150822,91122796,604.1744307859597,468.6807749204602,819.0,1214,201919,71600830,354.60174624478134,325.56567146338665,133.0,1214,0.0013057297860580726,0.0017232456283656711,0.0007328987121582031,0.05689692497253418
True,5,hdumb,wireguard,ptp,473450,235527250,497.4701658042032,439.12217537643573,367.0,1452,151364,91489752,604.4353479030681,470.09141414055097,825.0,1214,197893,71321330,360.4035008817897,326.7866602957857,144.0,1214,0.0013030197136145209,0.001736131411440611,0.0007021427154541016,0.05234193801879883
True,5,hdumb,wireguard,ptp,481311,237002273,492.40984103833074,439.0822585290066,351.0,1452,151232,91316439,603.8169104422344,469.30470329309566,817.0,1214,203369,71682586,352.4754805304643,325.5996343174648,132.0,1214,0.0013047898647554716,0.0017819191509990486,0.000701904296875,0.10049891471862793
False,5,hdumb,wireguard,ptp,199412,43400055,217.6401370027882,380.4455323162136,96.0,1452,42770,3573902,83.56095393967735,22.806435460199076,77.0,546,87210,7675677,88.01372549019608,24.463241597072436,78.0,358,0.00462059947466532,0.004030154569423391,0.0036690235137939453,0.050972938537597656
False,5,hdumb,wireguard,ptp,189723,40886093,215.50414551741224,378.8270853884533,96.0,1452,42682,3312972,77.61988660325196,16.327401241712323,75.0,546,84523,7710921,91.22867148586775,26.087839235411195,79.0,358,0.004629042995380753,0.004052614679981678,0.003554821014404297,0.05114483833312988
False,5,hdumb,wireguard,ptp,199988,43281177,216.41887013220793,379.78735759862246,96.0,1452,42639,3517250,82.48903585918994,21.10517500153458,76.0,546,91023,8069603,88.65454885029058,24.059787348445255,79.0,358,0.004632747689422532,0.0039485388283571655,0.003746509552001953,0.05029797554016113
False,3,hdumb,wireguard,ptp,94143,30906970,328.2981209436708,492.33016048516225,120.0,1452,21276,1903426,89.46352697875541,24.68675739045639,77.0,548,21618,2021824,93.5250254417615,30.46245383485925,94.0,358,0.009342979090474327,0.006635025255414255,0.008443117141723633,0.12120509147644043
False,3,hdumb,wireguard,ptp,97599,31995295,327.8240043443068,493.35749945253383,120.0,1452,21264,1829537,86.03917419112115,25.32069284488262,76.0,545,25265,2398562,94.93615673857114,29.837707539248466,99.0,358,0.009355220566832861,0.006615738832628978,0.007989883422851562,0.058609962463378906
False,3,hdumb,wireguard,ptp,96589,31403494,325.1249521167007,489.8954103224121,119.0,1452,21298,1925356,90.4007888064607,24.89063543379085,78.0,546,24325,2208782,90.80295991778006,28.65750680686836,82.0,359,0.009341840156956044,0.006296978451818178,0.008384943008422852,0.050891876220703125
True,3,hdumb,wireguard,ptp,236104,126295426,534.9143851861892,464.75195513972335,389.0,1452,75131,46459153,618.3752778480255,467.59540559202924,864.0,1214,60204,18711425,310.8003621021859,282.21751888025517,135.0,1214,0.0026447579115887036,0.0028987309121454004,0.0017790794372558594,0.05110502243041992
True,3,hdumb,wireguard,ptp,242137,127269086,525.6077592437339,467.4442973102881,364.0,1452,74664,45844417,614.0096565948784,470.0474854770442,861.0,1214,66806,19266461,288.3941711822291,274.78427426761607,127.0,1214,0.0026511721483739497,0.0028891558885342883,0.001806020736694336,0.05326700210571289
True,3,hdumb,wireguard,ptp,239192,125859057,526.1842243887755,463.85660596076235,368.0,1452,74768,46133991,617.02855499679,467.1883268141709,860.0,1214,62818,18842458,299.9531662899169,280.51717320238185,128.0,1214,0.0026497861194137375,0.002992807904098116,0.0017240047454833984,0.048587799072265625
True,8,tiered,ipsec,sts,885754,428735361,484.03434926627483,426.83951375146876,180.0,1480,85,42733,502.74117647058824,448.57388181990757,317.0,1189,0,0,nan,nan,nan,nan,0.0006303815614609491,0.0007388191225728464,0.00045049190521240234,0.003226041793823242
True,8,tiered,ipsec,sts,908941,431648952,474.89215691667556,425.36940746007167,180.0,1480,0,0,nan,nan,nan,nan,0,0,nan,nan,nan,nan,nan,nan,nan,nan
True,8,tiered,ipsec,sts,883542,440798812,498.89966973839387,427.10647795812804,188.0,1480,0,0,nan,nan,nan,nan,0,0,nan,nan,nan,nan,nan,nan,nan,nan
True,8,tiered,ipsec,sts,918144,438450652,477.5401810609229,425.4332429258521,180.0,1480,0,0,nan,nan,nan,nan,0,0,nan,nan,nan,nan,nan,nan,nan,nan
True,8,tiered,ipsec,sts,905769,440879392,486.7459495743396,424.1226818752504,184.0,1480,0,0,nan,nan,nan,nan,0,0,nan,nan,nan,nan,nan,nan,nan,nan
True,8,tiered,ipsec,sts,898689,445821864,496.08025023117006,424.5434348206108,188.0,1480,0,0,nan,nan,nan,nan,0,0,nan,nan,nan,nan,nan,nan,nan,nan
True,8,tiered,ipsec,sts,832375,437228840,525.2786784802523,427.9820675192262,340.0,1480,91,52960,581.978021978022,471.9959269603448,681.0,1212,0,0,nan,nan,nan,nan,0.0005965683195326063,0.0006216178471377419,0.0004401206970214844,0.002262115478515625
True,8,tiered,ipsec,sts,903800,416291620,460.6014826289002,423.1275808053089,168.0,1480,0,0,nan,nan,nan,nan,0,0,nan,nan,nan,nan,nan,nan,nan,nan
True,8,tiered,ipsec,sts,892091,418875940,469.5439590804077,423.5448729324474,180.0,1480,0,0,nan,nan,nan,nan,0,0,nan,nan,nan,nan,nan,nan,nan,nan
True,5,tiered,ipsec,sts,466397,246280196,528.0484136904826,427.00351462059194,392.0,1480,0,0,nan,nan,nan,nan,0,0,nan,nan,nan,nan,nan,nan,nan,nan
True,5,tiered,ipsec,sts,440964,242347856,549.586487785851,428.1522837105074,448.0,1480,0,0,nan,nan,nan,nan,0,0,nan,nan,nan,nan,nan,nan,nan,nan
True,5,tiered,ipsec,sts,447289,243709745,544.8596880316753,428.17093808494286,436.0,1480,49,24637,502.7959183673469,438.14989727602716,569.0,1187,0,0,nan,nan,nan,nan,0.0009487917025883993,0.000999682156008722,0.0007735490798950195,0.0038640499114990234
False,8,tiered,ipsec,sts,354911,73548712,207.23142421621196,279.2578008781598,140.0,1480,0,0,nan,nan,nan,nan,0,0,nan,nan,nan,nan,nan,nan,nan,nan
False,8,tiered,ipsec,sts,364828,75053028,205.7216770642604,276.8533624119818,140.0,1480,0,0,nan,nan,nan,nan,0,0,nan,nan,nan,nan,nan,nan,nan,nan
False,8,tiered,ipsec,sts,371811,75899336,204.1341864549462,272.9117169583204,140.0,1480,0,0,nan,nan,nan,nan,0,0,nan,nan,nan,nan,nan,nan,nan,nan
False,5,tiered,ipsec,sts,176727,40433004,228.78792714186287,312.0285848330458,144.0,1480,0,0,nan,nan,nan,nan,0,0,nan,nan,nan,nan,nan,nan,nan,nan
False,5,tiered,ipsec,sts,159100,37217932,233.92791954745442,326.1945899666626,140.0,1480,0,0,nan,nan,nan,nan,0,0,nan,nan,nan,nan,nan,nan,nan,nan
False,5,tiered,ipsec,sts,171129,39769424,232.39441590846673,315.63292544731576,144.0,1480,0,0,nan,nan,nan,nan,0,0,nan,nan,nan,nan,nan,nan,nan,nan
False,3,tiered,ipsec,sts,84420,20797640,246.35915659796257,344.6558198245052,144.0,1480,0,0,nan,nan,nan,nan,0,0,nan,nan,nan,nan,nan,nan,nan,nan
False,3,tiered,ipsec,sts,78071,19920524,255.1590731513622,357.6913797383335,144.0,1480,0,0,nan,nan,nan,nan,0,0,nan,nan,nan,nan,nan,nan,nan,nan
False,3,tiered,ipsec,sts,78268,19980948,255.28885368222006,357.23733206884265,144.0,1480,0,0,nan,nan,nan,nan,0,0,nan,nan,nan,nan,nan,nan,nan,nan
True,3,tiered,ipsec,sts,218203,120200164,550.8639386259584,436.7941832283184,424.0,1480,0,0,nan,nan,nan,nan,0,0,nan,nan,nan,nan,nan,nan,nan,nan
True,3,tiered,ipsec,sts,214870,119552382,556.3940149858054,436.9947962603793,436.0,1480,19,8374,440.7368421052632,396.80611583902214,247.0,1016,0,0,nan,nan,nan,nan,0.00208894411722819,0.0023079111917771616,0.001315474510192871,0.007798910140991211
True,3,tiered,ipsec,sts,221588,120826340,545.2747441197176,436.3352409834163,412.0,1480,0,0,nan,nan,nan,nan,0,0,nan,nan,nan,nan,nan,nan,nan,nan
